{"cameraMode":{"drawMode":0,"name":"Shaded","section":"Shading Mode"},"sceneLighting":false,"audioPlay":false,"sceneViewState":{"showFog":true,"showMaterialUpdate":false,"showSkybox":false,"showFlares":true,"showImageEffects":true,"showParticleSystems":true},"in2DMode":false,"pivot":{"x":9.458173751831055,"y":2.0509114265441896,"z":-1.4266643524169922},"rotation":{"x":-0.09371747076511383,"y":0.7711736559867859,"z":-0.11679249256849289,"w":-0.61878502368927},"size":3.979267120361328,"orthographic":false}