{"cameraMode":{"drawMode":0,"name":"Shaded","section":"Shading Mode"},"sceneLighting":false,"audioPlay":false,"sceneViewState":{"showFog":true,"showMaterialUpdate":false,"showSkybox":false,"showFlares":true,"showImageEffects":true,"showParticleSystems":true},"in2DMode":false,"pivot":{"x":0.00405120849609375,"y":0.5605404376983643,"z":0.19432246685028077},"rotation":{"x":0.0027906615287065508,"y":0.8963475823402405,"z":-0.44332414865493777,"w":0.0056484718807041649},"size":5.889395236968994,"orthographic":false}