{"cameraMode":{"drawMode":0,"name":"Shaded","section":"Shading Mode"},"sceneLighting":false,"audioPlay":false,"sceneViewState":{"showFog":true,"showMaterialUpdate":false,"showSkybox":false,"showFlares":true,"showImageEffects":true,"showParticleSystems":true},"in2DMode":false,"pivot":{"x":9.039482116699219,"y":1.2767215967178345,"z":6.297009468078613},"rotation":{"x":-0.044158387929201129,"y":0.9304644465446472,"z":-0.11957082152366638,"w":-0.3435509502887726},"size":0.43714696168899538,"orthographic":false}