{"cameraMode":{"drawMode":0,"name":"Shaded","section":"Shading Mode"},"sceneLighting":false,"audioPlay":false,"sceneViewState":{"showFog":true,"showMaterialUpdate":false,"showSkybox":false,"showFlares":true,"showImageEffects":true,"showParticleSystems":true},"in2DMode":false,"pivot":{"x":-0.2903456389904022,"y":-3.7357771396636965,"z":0.9858806729316711},"rotation":{"x":-0.18936890363693238,"y":-0.6391565203666687,"z":0.7265838980674744,"w":-0.16665911674499513},"size":5.180899620056152,"orthographic":false}