{"cameraMode":{"drawMode":0,"name":"Shaded","section":"Shading Mode"},"sceneLighting":false,"audioPlay":false,"sceneViewState":{"showFog":true,"showMaterialUpdate":false,"showSkybox":false,"showFlares":true,"showImageEffects":true,"showParticleSystems":true},"in2DMode":false,"pivot":{"x":-0.006156444549560547,"y":0.884631335735321,"z":-0.03309297561645508},"rotation":{"x":0.35322561860084536,"y":0.2361767441034317,"z":-0.0926402360200882,"w":0.900505542755127},"size":1.2939956188201905,"orthographic":false}