{"cameraMode":{"drawMode":0,"name":"Shaded","section":"Shading Mode"},"sceneLighting":false,"audioPlay":false,"sceneViewState":{"showFog":true,"showMaterialUpdate":false,"showSkybox":false,"showFlares":true,"showImageEffects":true,"showParticleSystems":true},"in2DMode":false,"pivot":{"x":1.5983541011810303,"y":-0.8168373107910156,"z":-0.4261918067932129},"rotation":{"x":0.16398899257183076,"y":0.832123339176178,"z":-0.32784098386764529,"w":0.416220098733902},"size":2.4366023540496828,"orthographic":false}