{"cameraMode":{"drawMode":0,"name":"Shaded","section":"Shading Mode"},"sceneLighting":false,"audioPlay":false,"sceneViewState":{"showFog":true,"showMaterialUpdate":false,"showSkybox":false,"showFlares":true,"showImageEffects":true,"showParticleSystems":true},"in2DMode":false,"pivot":{"x":0.0,"y":0.00004982948303222656,"z":-0.8750500082969666},"rotation":{"x":0.29277053475379946,"y":0.5240235328674316,"z":-0.1979614645242691,"w":0.774928092956543},"size":3.7629363536834719,"orthographic":false}