{"cameraMode":{"drawMode":0,"name":"Shaded","section":"Shading Mode"},"sceneLighting":false,"audioPlay":false,"sceneViewState":{"showFog":true,"showMaterialUpdate":false,"showSkybox":false,"showFlares":true,"showImageEffects":true,"showParticleSystems":true},"in2DMode":false,"pivot":{"x":5.353141784667969,"y":-0.19109106063842774,"z":10.082293510437012},"rotation":{"x":-0.12141233682632446,"y":-0.4317971169948578,"z":0.058791983872652057,"w":-0.8918306231498718},"size":15.257984161376954,"orthographic":false}