{"cameraMode":{"drawMode":0,"name":"Shaded","section":"Shading Mode"},"sceneLighting":false,"audioPlay":false,"sceneViewState":{"showFog":true,"showMaterialUpdate":false,"showSkybox":false,"showFlares":true,"showImageEffects":true,"showParticleSystems":true},"in2DMode":false,"pivot":{"x":250.64012145996095,"y":-203.03868103027345,"z":451.91644287109377},"rotation":{"x":-0.18745291233062745,"y":-0.25399717688560488,"z":0.05024879798293114,"w":-0.947537899017334},"size":306.4024353027344,"orthographic":false}