{"cameraMode":{"drawMode":0,"name":"Shaded","section":"Shading Mode"},"sceneLighting":false,"audioPlay":false,"sceneViewState":{"showFog":true,"showMaterialUpdate":false,"showSkybox":false,"showFlares":true,"showImageEffects":true,"showParticleSystems":true},"in2DMode":false,"pivot":{"x":-6.1964640617370609,"y":2.480959415435791,"z":2.7131128311157228},"rotation":{"x":-0.11090993136167526,"y":-0.7716273665428162,"z":0.14018358290195466,"w":-0.6104495525360107},"size":3.464101552963257,"orthographic":false}