{"cameraMode":{"drawMode":0,"name":"Shaded","section":"Shading Mode"},"sceneLighting":false,"audioPlay":false,"sceneViewState":{"showFog":true,"showMaterialUpdate":false,"showSkybox":false,"showFlares":true,"showImageEffects":true,"showParticleSystems":true},"in2DMode":false,"pivot":{"x":13.845288276672364,"y":-42.80158996582031,"z":-150.6604461669922},"rotation":{"x":-0.007420454639941454,"y":-0.9829484820365906,"z":0.17918120324611665,"w":-0.040711309760808948},"size":103.2320556640625,"orthographic":false}