{"cameraMode":{"drawMode":0,"name":"Shaded","section":"Shading Mode"},"sceneLighting":false,"audioPlay":false,"sceneViewState":{"showFog":true,"showMaterialUpdate":false,"showSkybox":false,"showFlares":true,"showImageEffects":true,"showParticleSystems":true},"in2DMode":false,"pivot":{"x":-80.13768768310547,"y":-2.5510787963867189,"z":-41.81300354003906},"rotation":{"x":0.032008007168769839,"y":-0.842352032661438,"z":0.05037393048405647,"w":0.5356312990188599},"size":70.710693359375,"orthographic":false}