{"cameraMode":{"drawMode":0,"name":"Shaded","section":"Shading Mode"},"sceneLighting":false,"audioPlay":false,"sceneViewState":{"showFog":true,"showMaterialUpdate":false,"showSkybox":false,"showFlares":true,"showImageEffects":true,"showParticleSystems":true},"in2DMode":false,"pivot":{"x":-8.666563987731934,"y":2.7105929851531984,"z":8.92839527130127},"rotation":{"x":-0.039334073662757876,"y":-0.5410605669021606,"z":0.025345107540488244,"w":-0.8396819829940796},"size":10.0,"orthographic":false}