{"cameraMode":{"drawMode":0,"name":"Shaded","section":"Shading Mode"},"sceneLighting":false,"audioPlay":false,"sceneViewState":{"showFog":true,"showMaterialUpdate":false,"showSkybox":false,"showFlares":true,"showImageEffects":true,"showParticleSystems":true},"in2DMode":false,"pivot":{"x":7.398812294006348,"y":0.5458824634552002,"z":-0.2006705105304718},"rotation":{"x":0.09343153238296509,"y":-0.6615498065948486,"z":0.08362263441085816,"w":0.7393583655357361},"size":0.9449999928474426,"orthographic":false}