{"cameraMode":{"drawMode":0,"name":"Shaded","section":"Shading Mode"},"sceneLighting":false,"audioPlay":false,"sceneViewState":{"showFog":true,"showMaterialUpdate":false,"showSkybox":false,"showFlares":true,"showImageEffects":true,"showParticleSystems":true},"in2DMode":false,"pivot":{"x":-17.890247344970704,"y":3.8930468559265138,"z":1.5017038583755494},"rotation":{"x":-0.12725719809532166,"y":-0.7262755036354065,"z":0.13983690738677979,"w":-0.660897433757782},"size":1.4700000286102296,"orthographic":false}