{"cameraMode":{"drawMode":0,"name":"Shaded","section":"Shading Mode"},"sceneLighting":false,"audioPlay":false,"sceneViewState":{"showFog":true,"showMaterialUpdate":false,"showSkybox":false,"showFlares":true,"showImageEffects":true,"showParticleSystems":true},"in2DMode":false,"pivot":{"x":-21.394906997680665,"y":17.579898834228517,"z":-21.85025978088379},"rotation":{"x":0.13741634786128999,"y":0.384689062833786,"z":-0.05801355466246605,"w":0.9109249711036682},"size":3.464104175567627,"orthographic":false}