{"cameraMode":{"drawMode":0,"name":"Shaded","section":"Shading Mode"},"sceneLighting":false,"audioPlay":false,"sceneViewState":{"showFog":true,"showMaterialUpdate":false,"showSkybox":false,"showFlares":true,"showImageEffects":true,"showParticleSystems":true},"in2DMode":false,"pivot":{"x":-23.373136520385743,"y":-1.8740248680114747,"z":-68.37232971191406},"rotation":{"x":-0.04915228858590126,"y":0.8825766444206238,"z":-0.09460219740867615,"w":-0.4579795300960541},"size":42.71023941040039,"orthographic":false}