{"cameraMode":{"drawMode":0,"name":"Shaded","section":"Shading Mode"},"sceneLighting":false,"audioPlay":false,"sceneViewState":{"showFog":true,"showMaterialUpdate":false,"showSkybox":false,"showFlares":true,"showImageEffects":true,"showParticleSystems":true},"in2DMode":false,"pivot":{"x":3.4602694511413576,"y":-3.0396981239318849,"z":4.039396286010742},"rotation":{"x":0.25736165046691897,"y":0.3322204351425171,"z":-0.09476390480995178,"w":0.9024636149406433},"size":8.028716087341309,"orthographic":false}