{"cameraMode":{"drawMode":0,"name":"Shaded","section":"Shading Mode"},"sceneLighting":false,"audioPlay":false,"sceneViewState":{"showFog":true,"showMaterialUpdate":false,"showSkybox":false,"showFlares":true,"showImageEffects":true,"showParticleSystems":true},"in2DMode":false,"pivot":{"x":-2.8238513469696047,"y":7.296698570251465,"z":-7.538262844085693},"rotation":{"x":0.17918239533901215,"y":0.18060879409313203,"z":-0.03350231423974037,"w":0.9665288329124451},"size":3.75,"orthographic":false}