{"cameraMode":{"drawMode":0,"name":"Shaded","section":"Shading Mode"},"sceneLighting":false,"audioPlay":false,"sceneViewState":{"showFog":true,"showMaterialUpdate":false,"showSkybox":false,"showFlares":true,"showImageEffects":true,"showParticleSystems":true},"in2DMode":false,"pivot":{"x":1.9062144756317139,"y":4.617107391357422,"z":14.660441398620606},"rotation":{"x":-0.07896912842988968,"y":0.0602453276515007,"z":0.004714424721896648,"w":0.995069146156311},"size":10.0,"orthographic":false}