{"cameraMode":{"drawMode":0,"name":"Shaded","section":"Shading Mode"},"sceneLighting":true,"audioPlay":false,"sceneViewState":{"showFog":true,"showMaterialUpdate":false,"showSkybox":true,"showFlares":true,"showImageEffects":true,"showParticleSystems":true},"in2DMode":false,"pivot":{"x":-56.03003692626953,"y":19.771366119384767,"z":68.36131286621094},"rotation":{"x":0.06539606302976608,"y":0.8742883205413818,"z":-0.12306154519319534,"w":0.46503135561943056},"size":0.5,"orthographic":false}