{"cameraMode":{"drawMode":0,"name":"Shaded","section":"Shading Mode"},"sceneLighting":false,"audioPlay":false,"sceneViewState":{"showFog":true,"showMaterialUpdate":false,"showSkybox":false,"showFlares":true,"showImageEffects":true,"showParticleSystems":true},"in2DMode":false,"pivot":{"x":-2.728213310241699,"y":-0.44545698165893557,"z":-0.2017788589000702},"rotation":{"x":0.13114716112613679,"y":-0.6940933465957642,"z":0.1308164894580841,"w":0.69566410779953},"size":6.1487812995910648,"orthographic":false}