{"cameraMode":{"drawMode":0,"name":"Shaded","section":"Shading Mode"},"sceneLighting":false,"audioPlay":false,"sceneViewState":{"showFog":true,"showMaterialUpdate":false,"showSkybox":false,"showFlares":true,"showImageEffects":true,"showParticleSystems":true},"in2DMode":false,"pivot":{"x":1.0188636779785157,"y":-0.21669673919677735,"z":2.7360496520996095},"rotation":{"x":-0.1267961859703064,"y":0.7931365966796875,"z":-0.1767866611480713,"w":-0.5688657164573669},"size":9.945239067077637,"orthographic":false}