{"cameraMode":{"drawMode":0,"name":"Shaded","section":"Shading Mode"},"sceneLighting":true,"audioPlay":false,"sceneViewState":{"showFog":true,"showMaterialUpdate":false,"showSkybox":false,"showFlares":true,"showImageEffects":true,"showParticleSystems":true},"in2DMode":false,"pivot":{"x":-0.13999499380588532,"y":0.9609949588775635,"z":3.4764950275421144},"rotation":{"x":0.04244598001241684,"y":-0.9364210963249207,"z":0.12176493555307388,"w":0.326351135969162},"size":3.6096010208129885,"orthographic":false}