{"cameraMode":{"drawMode":0,"name":"Shaded","section":"Shading Mode"},"sceneLighting":false,"audioPlay":false,"sceneViewState":{"showFog":true,"showMaterialUpdate":false,"showSkybox":false,"showFlares":true,"showImageEffects":true,"showParticleSystems":true},"in2DMode":false,"pivot":{"x":-5.969393730163574,"y":-11.971242904663086,"z":-64.66178131103516},"rotation":{"x":0.003563540056347847,"y":-0.9944620132446289,"z":0.09908421337604523,"w":0.03539595380425453},"size":38.50086212158203,"orthographic":false}