{"cameraMode":{"drawMode":0,"name":"Shaded","section":"Shading Mode"},"sceneLighting":false,"audioPlay":false,"sceneViewState":{"showFog":true,"showMaterialUpdate":false,"showSkybox":false,"showFlares":true,"showImageEffects":true,"showParticleSystems":true},"in2DMode":false,"pivot":{"x":8.569829940795899,"y":-2.0443849563598635,"z":5.441230297088623},"rotation":{"x":0.14532208442687989,"y":0.47663116455078127,"z":-0.08031933754682541,"w":0.8633094429969788},"size":10.0,"orthographic":false}