{"cameraMode":{"drawMode":0,"name":"Shaded","section":"Shading Mode"},"sceneLighting":false,"audioPlay":false,"sceneViewState":{"showFog":true,"showMaterialUpdate":false,"showSkybox":false,"showFlares":true,"showImageEffects":true,"showParticleSystems":true},"in2DMode":false,"pivot":{"x":-4.67694616317749,"y":0.9071692228317261,"z":5.041866779327393},"rotation":{"x":0.01121277455240488,"y":0.8496869802474976,"z":-0.01811981573700905,"w":0.5268810391426086},"size":0.000017320508050033823,"orthographic":false}