{"cameraMode":{"drawMode":0,"name":"Shaded","section":"Shading Mode"},"sceneLighting":false,"audioPlay":false,"sceneViewState":{"showFog":true,"showMaterialUpdate":false,"showSkybox":false,"showFlares":true,"showImageEffects":true,"showParticleSystems":true},"in2DMode":false,"pivot":{"x":-16.45056915283203,"y":-11.935033798217774,"z":8.076218605041504},"rotation":{"x":-0.22265088558197022,"y":0.5050656199455261,"z":-0.13666342198848725,"w":-0.8226158618927002},"size":15.681905746459961,"orthographic":false}