{"cameraMode":{"drawMode":0,"name":"Shaded","section":"Shading Mode"},"sceneLighting":true,"audioPlay":false,"sceneViewState":{"showFog":true,"showMaterialUpdate":false,"showSkybox":false,"showFlares":true,"showImageEffects":true,"showParticleSystems":true},"in2DMode":false,"pivot":{"x":-7.687672138214111,"y":0.04362770542502403,"z":-1.2240444421768189},"rotation":{"x":-0.004788868594914675,"y":-0.6498013138771057,"z":0.004108871798962355,"w":-0.7600947618484497},"size":0.000017320508050033823,"orthographic":false}