{"cameraMode":{"drawMode":0,"name":"Shaded","section":"Shading Mode"},"sceneLighting":false,"audioPlay":false,"sceneViewState":{"showFog":true,"showMaterialUpdate":false,"showSkybox":false,"showFlares":true,"showImageEffects":true,"showParticleSystems":true},"in2DMode":false,"pivot":{"x":-6.702653884887695,"y":15.719708442687989,"z":30.17778968811035},"rotation":{"x":0.028868237510323526,"y":-0.9569678902626038,"z":-0.10198669135570526,"w":-0.2702478766441345},"size":8.66025447845459,"orthographic":false}