{"cameraMode":{"drawMode":0,"name":"Shaded","section":"Shading Mode"},"sceneLighting":false,"audioPlay":false,"sceneViewState":{"showFog":true,"showMaterialUpdate":false,"showSkybox":false,"showFlares":true,"showImageEffects":true,"showParticleSystems":true},"in2DMode":false,"pivot":{"x":-0.5130893588066101,"y":-1.9013097286224366,"z":4.412198066711426},"rotation":{"x":0.2656773626804352,"y":-0.21864880621433259,"z":0.06197909638285637,"w":0.9369061589241028},"size":6.1487812995910648,"orthographic":false}