{"cameraMode":{"drawMode":0,"name":"Shaded","section":"Shading Mode"},"sceneLighting":false,"audioPlay":false,"sceneViewState":{"showFog":true,"showMaterialUpdate":false,"showSkybox":false,"showFlares":true,"showImageEffects":true,"showParticleSystems":true},"in2DMode":false,"pivot":{"x":3.5561633110046388,"y":-0.9272440075874329,"z":13.012206077575684},"rotation":{"x":0.10116657614707947,"y":0.13581863045692445,"z":-0.014023908413946629,"w":0.9854816794395447},"size":10.0,"orthographic":false}