{"cameraMode":{"drawMode":0,"name":"Shaded","section":"Shading Mode"},"sceneLighting":false,"audioPlay":false,"sceneViewState":{"showFog":true,"showMaterialUpdate":false,"showSkybox":false,"showFlares":true,"showImageEffects":true,"showParticleSystems":true},"in2DMode":false,"pivot":{"x":-21.543249130249025,"y":-4.7294020652771,"z":-3.889599084854126},"rotation":{"x":-0.07091231644153595,"y":0.771913468837738,"z":-0.08743027597665787,"w":-0.6257120370864868},"size":15.681905746459961,"orthographic":false}