{"cameraMode":{"drawMode":0,"name":"Shaded","section":"Shading Mode"},"sceneLighting":false,"audioPlay":false,"sceneViewState":{"showFog":true,"showMaterialUpdate":false,"showSkybox":false,"showFlares":true,"showImageEffects":true,"showParticleSystems":true},"in2DMode":false,"pivot":{"x":10.616463661193848,"y":0.8588551878929138,"z":1.927236795425415},"rotation":{"x":-0.0002300245250808075,"y":-0.6371847987174988,"z":0.00020808933186344802,"w":-0.770728349685669},"size":9.853163719177246,"orthographic":false}