{"cameraMode":{"drawMode":0,"name":"Shaded","section":"Shading Mode"},"sceneLighting":false,"audioPlay":false,"sceneViewState":{"showFog":true,"showMaterialUpdate":false,"showSkybox":false,"showFlares":true,"showImageEffects":true,"showParticleSystems":true},"in2DMode":false,"pivot":{"x":-73.14490509033203,"y":-49.59284973144531,"z":-41.24208450317383},"rotation":{"x":0.13519437611103059,"y":-0.835759162902832,"z":0.23695920407772065,"w":0.4765792489051819},"size":65.25875854492188,"orthographic":false}