{"cameraMode":{"drawMode":0,"name":"Shaded","section":"Shading Mode"},"sceneLighting":true,"audioPlay":false,"sceneViewState":{"showFog":true,"showMaterialUpdate":false,"showSkybox":false,"showFlares":true,"showImageEffects":true,"showParticleSystems":true},"in2DMode":false,"pivot":{"x":0.4864579737186432,"y":0.9231252074241638,"z":0.9130873084068298},"rotation":{"x":-0.040714722126722339,"y":0.8514193296432495,"z":-0.06680087745189667,"w":-0.518644392490387},"size":2.04524564743042,"orthographic":false}