{"cameraMode":{"drawMode":0,"name":"Shaded","section":"Shading Mode"},"sceneLighting":false,"audioPlay":false,"sceneViewState":{"showFog":true,"showMaterialUpdate":false,"showSkybox":false,"showFlares":true,"showImageEffects":true,"showParticleSystems":true},"in2DMode":false,"pivot":{"x":4.953120231628418,"y":0.5166254639625549,"z":-1.5641204118728638},"rotation":{"x":0.06418032199144364,"y":-0.921157717704773,"z":0.17219051718711854,"w":0.3431287705898285},"size":2.940056324005127,"orthographic":false}