{"cameraMode":{"drawMode":0,"name":"Shaded","section":"Shading Mode"},"sceneLighting":false,"audioPlay":false,"sceneViewState":{"showFog":true,"showMaterialUpdate":false,"showSkybox":false,"showFlares":true,"showImageEffects":true,"showParticleSystems":true},"in2DMode":false,"pivot":{"x":-4.685197830200195,"y":-1.7395129203796387,"z":-0.11885835230350495},"rotation":{"x":0.1405506283044815,"y":-0.536604106426239,"z":0.09115041047334671,"w":0.8270646333694458},"size":6.456220626831055,"orthographic":false}