{"cameraMode":{"drawMode":0,"name":"Shaded","section":"Shading Mode"},"sceneLighting":false,"audioPlay":false,"sceneViewState":{"showFog":true,"showMaterialUpdate":false,"showSkybox":false,"showFlares":true,"showImageEffects":true,"showParticleSystems":true},"in2DMode":false,"pivot":{"x":1.4740524291992188,"y":-1.7367554903030396,"z":-10.194270133972168},"rotation":{"x":-0.0027519173454493286,"y":-0.9953460097312927,"z":0.09164106845855713,"w":-0.030289489775896074},"size":9.165163040161133,"orthographic":false}