{"cameraMode":{"drawMode":0,"name":"Shaded","section":"Shading Mode"},"sceneLighting":false,"audioPlay":false,"sceneViewState":{"showFog":true,"showMaterialUpdate":false,"showSkybox":false,"showFlares":true,"showImageEffects":true,"showParticleSystems":true},"in2DMode":false,"pivot":{"x":-18.00826644897461,"y":-7.691579818725586,"z":7.5822014808654789},"rotation":{"x":0.15474458038806916,"y":-0.530257523059845,"z":0.09910954535007477,"w":0.8276981115341187},"size":15.681905746459961,"orthographic":false}