{"cameraMode":{"drawMode":0,"name":"Shaded","section":"Shading Mode"},"sceneLighting":true,"audioPlay":false,"sceneViewState":{"showFog":true,"showMaterialUpdate":false,"showSkybox":false,"showFlares":true,"showImageEffects":true,"showParticleSystems":true},"in2DMode":false,"pivot":{"x":-0.17583493888378144,"y":0.528339147567749,"z":0.31458452343940737},"rotation":{"x":0.03240169212222099,"y":0.13096432387828828,"z":0.004289078526198864,"w":-0.9908520579338074},"size":0.07025456428527832,"orthographic":false}