{"cameraMode":{"drawMode":0,"name":"Shaded","section":"Shading Mode"},"sceneLighting":true,"audioPlay":false,"sceneViewState":{"showFog":true,"showMaterialUpdate":false,"showSkybox":false,"showFlares":true,"showImageEffects":true,"showParticleSystems":true},"in2DMode":false,"pivot":{"x":5.356995582580566,"y":-8.871414184570313,"z":0.8104256391525269},"rotation":{"x":-0.386475145816803,"y":-0.5722290873527527,"z":0.3491344451904297,"w":-0.63349449634552},"size":7.395856857299805,"orthographic":false}