{"cameraMode":{"drawMode":0,"name":"Shaded","section":"Shading Mode"},"sceneLighting":true,"audioPlay":false,"sceneViewState":{"showFog":true,"showMaterialUpdate":false,"showSkybox":false,"showFlares":true,"showImageEffects":true,"showParticleSystems":true},"in2DMode":false,"pivot":{"x":38.46174240112305,"y":-21.316253662109376,"z":25.316368103027345},"rotation":{"x":0.19620709121227265,"y":0.6284172534942627,"z":-0.168069526553154,"w":0.7337396144866943},"size":30.7439022064209,"orthographic":false}