{"cameraMode":{"drawMode":0,"name":"Shaded","section":"Shading Mode"},"sceneLighting":false,"audioPlay":false,"sceneViewState":{"showFog":true,"showMaterialUpdate":false,"showSkybox":false,"showFlares":true,"showImageEffects":true,"showParticleSystems":true},"in2DMode":false,"pivot":{"x":4.021542072296143,"y":4.809921741485596,"z":1.5417054891586304},"rotation":{"x":0.040892619639635089,"y":-0.8561509847640991,"z":0.06844164431095123,"w":0.5105929970741272},"size":10.0,"orthographic":false}