{"cameraMode":{"drawMode":0,"name":"Shaded","section":"Shading Mode"},"sceneLighting":false,"audioPlay":false,"sceneViewState":{"showFog":true,"showMaterialUpdate":false,"showSkybox":false,"showFlares":true,"showImageEffects":true,"showParticleSystems":true},"in2DMode":false,"pivot":{"x":-5.914449691772461,"y":2.2921459674835207,"z":-2.3427467346191408},"rotation":{"x":0.17015492916107179,"y":-0.6205469965934753,"z":0.14022257924079896,"w":0.7525658011436462},"size":42.13473892211914,"orthographic":false}