{"cameraMode":{"drawMode":0,"name":"Shaded","section":"Shading Mode"},"sceneLighting":true,"audioPlay":false,"sceneViewState":{"showFog":true,"showMaterialUpdate":false,"showSkybox":false,"showFlares":true,"showImageEffects":true,"showParticleSystems":true},"in2DMode":false,"pivot":{"x":-0.30138111114501955,"y":0.6427432298660278,"z":3.822479248046875},"rotation":{"x":0.12687179446220399,"y":-0.7464421987533569,"z":0.14880047738552094,"w":0.6361023783683777},"size":2.1574504375457765,"orthographic":false}