{"cameraMode":{"drawMode":0,"name":"Shaded","section":"Shading Mode"},"sceneLighting":false,"audioPlay":false,"sceneViewState":{"showFog":true,"showMaterialUpdate":false,"showSkybox":false,"showFlares":true,"showImageEffects":true,"showParticleSystems":true},"in2DMode":false,"pivot":{"x":0.5810458064079285,"y":0.6608703136444092,"z":5.61225700378418},"rotation":{"x":0.060775309801101688,"y":-0.8870022892951965,"z":0.12209582328796387,"w":0.4412067234516144},"size":1.9849302768707276,"orthographic":false}