{"cameraMode":{"drawMode":0,"name":"Shaded","section":"Shading Mode"},"sceneLighting":true,"audioPlay":false,"sceneViewState":{"showFog":true,"showMaterialUpdate":false,"showSkybox":false,"showFlares":true,"showImageEffects":true,"showParticleSystems":true},"in2DMode":false,"pivot":{"x":-0.5400843620300293,"y":0.03426659107208252,"z":0.4748983383178711},"rotation":{"x":0.04887372627854347,"y":-0.9143692851066589,"z":0.1161084696650505,"w":0.3848075866699219},"size":2.9514145851135256,"orthographic":false}