{"cameraMode":{"drawMode":0,"name":"Shaded","section":"Shading Mode"},"sceneLighting":false,"audioPlay":false,"sceneViewState":{"showFog":true,"showMaterialUpdate":false,"showSkybox":false,"showFlares":true,"showImageEffects":true,"showParticleSystems":true},"in2DMode":false,"pivot":{"x":0.9651490449905396,"y":4.873477935791016,"z":-2.3045220375061037},"rotation":{"x":0.7013155221939087,"y":0.008551521226763726,"z":-0.008410966955125332,"w":0.7127526998519898},"size":8.940421104431153,"orthographic":false}