{"cameraMode":{"drawMode":0,"name":"Shaded","section":"Shading Mode"},"sceneLighting":false,"audioPlay":false,"sceneViewState":{"showFog":true,"showMaterialUpdate":false,"showSkybox":false,"showFlares":true,"showImageEffects":true,"showParticleSystems":true},"in2DMode":false,"pivot":{"x":0.18744400143623353,"y":15.574247360229493,"z":-0.1163075789809227},"rotation":{"x":0.6981227397918701,"y":0.006441534962505102,"z":-0.006278065498918295,"w":0.715924084186554},"size":0.00001746468296914827,"orthographic":false}