{"cameraMode":{"drawMode":0,"name":"Shaded","section":"Shading Mode"},"sceneLighting":false,"audioPlay":false,"sceneViewState":{"showFog":true,"showMaterialUpdate":false,"showSkybox":false,"showFlares":true,"showImageEffects":true,"showParticleSystems":true},"in2DMode":false,"pivot":{"x":0.9541895389556885,"y":0.9705686569213867,"z":-0.09754084050655365},"rotation":{"x":-0.010418026708066464,"y":0.7053260207176209,"z":-0.7087359428405762,"w":-0.010368556715548039},"size":7.9138875007629398,"orthographic":false}