{"cameraMode":{"drawMode":0,"name":"Shaded","section":"Shading Mode"},"sceneLighting":false,"audioPlay":false,"sceneViewState":{"showFog":true,"showMaterialUpdate":false,"showSkybox":false,"showFlares":true,"showImageEffects":true,"showParticleSystems":true},"in2DMode":false,"pivot":{"x":7.29852819442749,"y":3.7495152950286867,"z":1.2481151819229127},"rotation":{"x":-0.22980830073356629,"y":0.6798287630081177,"z":-0.2388068288564682,"w":-0.6542138457298279},"size":0.000017404459867975675,"orthographic":false}