{"cameraMode":{"drawMode":0,"name":"Shaded","section":"Shading Mode"},"sceneLighting":false,"audioPlay":false,"sceneViewState":{"showFog":true,"showMaterialUpdate":false,"showSkybox":false,"showFlares":true,"showImageEffects":true,"showParticleSystems":true},"in2DMode":false,"pivot":{"x":0.0,"y":-1.7450008392333985,"z":8.780657768249512},"rotation":{"x":0.6981227397918701,"y":0.006441534962505102,"z":-0.006278065498918295,"w":0.715924084186554},"size":39.07967758178711,"orthographic":false}