{"cameraMode":{"drawMode":0,"name":"Shaded","section":"Shading Mode"},"sceneLighting":false,"audioPlay":false,"sceneViewState":{"showFog":true,"showMaterialUpdate":false,"showSkybox":false,"showFlares":true,"showImageEffects":true,"showParticleSystems":true},"in2DMode":false,"pivot":{"x":1.3271548748016358,"y":0.9543923139572144,"z":2.5977063179016115},"rotation":{"x":0.7013155221939087,"y":0.008551521226763726,"z":-0.008410966955125332,"w":0.7127526998519898},"size":1.099583625793457,"orthographic":false}