{"cameraMode":{"drawMode":0,"name":"Shaded","section":"Shading Mode"},"sceneLighting":false,"audioPlay":false,"sceneViewState":{"showFog":true,"showMaterialUpdate":false,"showSkybox":false,"showFlares":true,"showImageEffects":true,"showParticleSystems":true},"in2DMode":false,"pivot":{"x":-0.899216890335083,"y":20.047500610351564,"z":0.22320494055747987},"rotation":{"x":0.497893363237381,"y":-0.5020887851715088,"z":0.4970077574253082,"w":0.5029885172843933},"size":0.00001732051168801263,"orthographic":false}