{"cameraMode":{"drawMode":0,"name":"Shaded","section":"Shading Mode"},"sceneLighting":false,"audioPlay":false,"sceneViewState":{"showFog":true,"showMaterialUpdate":false,"showSkybox":false,"showFlares":true,"showImageEffects":true,"showParticleSystems":true},"in2DMode":false,"pivot":{"x":-0.31159210205078127,"y":2.0384669303894045,"z":0.3604164123535156},"rotation":{"x":0.497893363237381,"y":-0.5020887851715088,"z":0.4970077574253082,"w":0.5029885172843933},"size":14.492544174194336,"orthographic":false}