{"cameraMode":{"drawMode":0,"name":"Shaded","section":"Shading Mode"},"sceneLighting":false,"audioPlay":false,"sceneViewState":{"showFog":true,"showMaterialUpdate":false,"showSkybox":false,"showFlares":true,"showImageEffects":true,"showParticleSystems":true},"in2DMode":false,"pivot":{"x":-0.03341463953256607,"y":0.20598340034484864,"z":2.660032272338867},"rotation":{"x":-0.006078535690903664,"y":-0.854390561580658,"z":0.5195033550262451,"w":-0.010006370022892952},"size":1.9676098823547364,"orthographic":false}