{"cameraMode":{"drawMode":0,"name":"Shaded","section":"Shading Mode"},"sceneLighting":false,"audioPlay":false,"sceneViewState":{"showFog":true,"showMaterialUpdate":false,"showSkybox":false,"showFlares":true,"showImageEffects":true,"showParticleSystems":true},"in2DMode":false,"pivot":{"x":-0.030989276245236398,"y":-41.41819381713867,"z":0.1841098815202713},"rotation":{"x":0.7013624906539917,"y":-0.0021403427235782148,"z":0.0021093105897307398,"w":0.7128009796142578},"size":25.19502830505371,"orthographic":false}