{"cameraMode":{"drawMode":0,"name":"Shaded","section":"Shading Mode"},"sceneLighting":false,"audioPlay":false,"sceneViewState":{"showFog":true,"showMaterialUpdate":false,"showSkybox":false,"showFlares":true,"showImageEffects":true,"showParticleSystems":true},"in2DMode":false,"pivot":{"x":1.6102956533432007,"y":-13.964376449584961,"z":-0.35842597484588625},"rotation":{"x":0.5117992758750916,"y":-0.48749682307243349,"z":0.5186101198196411,"w":0.48109978437423708},"size":12.245759010314942,"orthographic":false}