{"cameraMode":{"drawMode":0,"name":"Shaded","section":"Shading Mode"},"sceneLighting":false,"audioPlay":false,"sceneViewState":{"showFog":true,"showMaterialUpdate":false,"showSkybox":false,"showFlares":true,"showImageEffects":true,"showParticleSystems":true},"in2DMode":false,"pivot":{"x":-0.004287559539079666,"y":15.215367317199707,"z":-0.11625473201274872},"rotation":{"x":0.7032985687255859,"y":0.01705317199230194,"z":-0.016877183690667154,"w":0.7104923129081726},"size":0.000034641016100067645,"orthographic":false}