{"cameraMode":{"drawMode":0,"name":"Shaded","section":"Shading Mode"},"sceneLighting":false,"audioPlay":false,"sceneViewState":{"showFog":true,"showMaterialUpdate":false,"showSkybox":false,"showFlares":true,"showImageEffects":true,"showParticleSystems":true},"in2DMode":false,"pivot":{"x":10.439850807189942,"y":2.0337047576904299,"z":0.5752984881401062},"rotation":{"x":-0.08963572233915329,"y":0.7582098841667175,"z":-0.10670185089111328,"w":-0.6369470953941345},"size":0.00001746468296914827,"orthographic":false}