{"cameraMode":{"drawMode":0,"name":"Shaded","section":"Shading Mode"},"sceneLighting":false,"audioPlay":false,"sceneViewState":{"showFog":true,"showMaterialUpdate":false,"showSkybox":false,"showFlares":true,"showImageEffects":true,"showParticleSystems":true},"in2DMode":false,"pivot":{"x":0.6155012249946594,"y":11.824995040893555,"z":0.7298195362091065},"rotation":{"x":-0.5275523662567139,"y":-0.471175879240036,"z":0.5244081616401672,"w":-0.4740125834941864},"size":0.00001732682721922174,"orthographic":false}