{"cameraMode":{"drawMode":0,"name":"Shaded","section":"Shading Mode"},"sceneLighting":false,"audioPlay":false,"sceneViewState":{"showFog":true,"showMaterialUpdate":false,"showSkybox":false,"showFlares":true,"showImageEffects":true,"showParticleSystems":true},"in2DMode":false,"pivot":{"x":0.9862923622131348,"y":1.2123932838439942,"z":1.6879138946533204},"rotation":{"x":0.497893363237381,"y":-0.5020887851715088,"z":0.4970077574253082,"w":0.5029885172843933},"size":8.384756088256836,"orthographic":false}