{"cameraMode":{"drawMode":0,"name":"Shaded","section":"Shading Mode"},"sceneLighting":false,"audioPlay":false,"sceneViewState":{"showFog":true,"showMaterialUpdate":false,"showSkybox":false,"showFlares":true,"showImageEffects":true,"showParticleSystems":true},"in2DMode":false,"pivot":{"x":-0.0008893758058547974,"y":0.12136352062225342,"z":-0.05828024446964264},"rotation":{"x":-0.3514386713504791,"y":0.3052428960800171,"z":-0.12238194048404694,"w":-0.8765540719032288},"size":0.5942120552062988,"orthographic":false}