{"cameraMode":{"drawMode":0,"name":"Shaded","section":"Shading Mode"},"sceneLighting":true,"audioPlay":false,"sceneViewState":{"showFog":true,"showMaterialUpdate":false,"showSkybox":true,"showFlares":true,"showImageEffects":true,"showParticleSystems":true},"in2DMode":false,"pivot":{"x":692.4359130859375,"y":351.7193603515625,"z":138.228515625},"rotation":{"x":-0.227780282497406,"y":0.1546330749988556,"z":-0.03666498884558678,"w":-0.9606561064720154},"size":495.2467956542969,"orthographic":false}