{"cameraMode":{"drawMode":0,"name":"Shaded","section":"Shading Mode"},"sceneLighting":false,"audioPlay":false,"sceneViewState":{"showFog":true,"showMaterialUpdate":false,"showSkybox":false,"showFlares":true,"showImageEffects":true,"showParticleSystems":true},"in2DMode":false,"pivot":{"x":0.16672515869140626,"y":-14.745284080505371,"z":0.3842010498046875},"rotation":{"x":-0.227780282497406,"y":0.1546330749988556,"z":-0.03666498884558678,"w":-0.9606561064720154},"size":37.17240524291992,"orthographic":false}