{"cameraMode":{"drawMode":0,"name":"Shaded","section":"Shading Mode"},"sceneLighting":false,"audioPlay":false,"sceneViewState":{"showFog":true,"showMaterialUpdate":false,"showSkybox":false,"showFlares":true,"showImageEffects":true,"showParticleSystems":true},"in2DMode":false,"pivot":{"x":0.002270340919494629,"y":0.0005033016204833984,"z":-0.20920276641845704},"rotation":{"x":0.36046385765075686,"y":0.22795623540878297,"z":-0.09131267666816712,"w":0.8998699188232422},"size":1.5468050241470338,"orthographic":true}