{"cameraMode":{"drawMode":0,"name":"Shaded","section":"Shading Mode"},"sceneLighting":false,"audioPlay":false,"sceneViewState":{"showFog":true,"showMaterialUpdate":false,"showSkybox":false,"showFlares":true,"showImageEffects":true,"showParticleSystems":true},"in2DMode":false,"pivot":{"x":557.0250244140625,"y":304.6000061035156,"z":0.0},"rotation":{"x":0.19552820920944215,"y":-0.01177318673580885,"z":0.0023469426669180395,"w":0.980626106262207},"size":326.8510437011719,"orthographic":false}