{"cameraMode":{"drawMode":0,"name":"Shaded","section":"Shading Mode"},"sceneLighting":true,"audioPlay":false,"sceneViewState":{"showFog":true,"showMaterialUpdate":false,"showSkybox":true,"showFlares":true,"showImageEffects":true,"showParticleSystems":true},"in2DMode":false,"pivot":{"x":74.58717346191406,"y":304.7002258300781,"z":-122.68695068359375},"rotation":{"x":-0.28075990080833437,"y":0.025900257751345636,"z":0.007594556547701359,"w":0.9594100117683411},"size":7.751245021820068,"orthographic":false}