{"cameraMode":{"drawMode":0,"name":"Shaded","section":"Shading Mode"},"sceneLighting":false,"audioPlay":false,"sceneViewState":{"showFog":true,"showMaterialUpdate":false,"showSkybox":false,"showFlares":true,"showImageEffects":true,"showParticleSystems":true},"in2DMode":false,"pivot":{"x":0.0,"y":1.4142003059387208,"z":0.49828505516052248},"rotation":{"x":0.004700693301856518,"y":0.9002607464790344,"z":-0.43521979451179507,"w":0.0097246915102005},"size":2.814120054244995,"orthographic":false}