{"cameraMode":{"drawMode":0,"name":"Shaded","section":"Shading Mode"},"sceneLighting":true,"audioPlay":false,"sceneViewState":{"showFog":true,"showMaterialUpdate":false,"showSkybox":true,"showFlares":true,"showImageEffects":true,"showParticleSystems":true},"in2DMode":false,"pivot":{"x":0.8327178955078125,"y":1.433349609375,"z":1.29541015625},"rotation":{"x":-0.004775390960276127,"y":0.9896226525306702,"z":-0.13956217467784882,"w":-0.0338619165122509},"size":1.8751413822174073,"orthographic":true}