{"cameraMode":{"drawMode":0,"name":"Shaded","section":"Shading Mode"},"sceneLighting":true,"audioPlay":false,"sceneViewState":{"showFog":true,"showMaterialUpdate":false,"showSkybox":true,"showFlares":true,"showImageEffects":true,"showParticleSystems":true},"in2DMode":false,"pivot":{"x":7.05078125,"y":3.0936279296875,"z":7.9912109375},"rotation":{"x":-0.016705628484487535,"y":0.9339054822921753,"z":-0.04402103275060654,"w":-0.35441017150878909},"size":2.5738847255706789,"orthographic":true}