{"cameraMode":{"drawMode":0,"name":"Shaded","section":"Shading Mode"},"sceneLighting":true,"audioPlay":false,"sceneViewState":{"showFog":true,"showMaterialUpdate":false,"showSkybox":true,"showFlares":true,"showImageEffects":true,"showParticleSystems":true},"in2DMode":false,"pivot":{"x":-5.560175895690918,"y":1.0846595764160157,"z":-3.529552936553955},"rotation":{"x":0.4145929217338562,"y":0.3633001744747162,"z":-0.18514396250247956,"w":0.8135420083999634},"size":13.056539535522461,"orthographic":false}