{"cameraMode":{"drawMode":0,"name":"Shaded","section":"Shading Mode"},"sceneLighting":true,"audioPlay":false,"sceneViewState":{"showFog":true,"showMaterialUpdate":false,"showSkybox":true,"showFlares":true,"showImageEffects":true,"showParticleSystems":true},"in2DMode":false,"pivot":{"x":-7.571629524230957,"y":1.9194962978363038,"z":-1.7793571949005128},"rotation":{"x":-0.25932371616363528,"y":0.267111599445343,"z":-0.07490125298500061,"w":-0.9251040816307068},"size":7.038888931274414,"orthographic":false}