{"cameraMode":{"drawMode":0,"name":"Shaded","section":"Shading Mode"},"sceneLighting":true,"audioPlay":false,"sceneViewState":{"showFog":true,"showMaterialUpdate":false,"showSkybox":true,"showFlares":true,"showImageEffects":true,"showParticleSystems":true},"in2DMode":false,"pivot":{"x":-28.67142105102539,"y":-39.72772216796875,"z":-39.6494140625},"rotation":{"x":-0.10495096445083618,"y":0.8884569406509399,"z":-0.2533740699291229,"w":-0.36801087856292727},"size":56.5329475402832,"orthographic":false}