{"cameraMode":{"drawMode":0,"name":"Shaded","section":"Shading Mode"},"sceneLighting":false,"audioPlay":false,"sceneViewState":{"showFog":true,"showMaterialUpdate":false,"showSkybox":false,"showFlares":true,"showImageEffects":true,"showParticleSystems":true},"in2DMode":false,"pivot":{"x":-0.079345703125,"y":0.267578125,"z":-1.842529296875},"rotation":{"x":0.2890941798686981,"y":-0.31998762488365176,"z":0.10320793837308884,"w":0.8963216543197632},"size":1.5253287553787232,"orthographic":true}