{"cameraMode":{"drawMode":0,"name":"Shaded","section":"Shading Mode"},"sceneLighting":true,"audioPlay":false,"sceneViewState":{"showFog":true,"showMaterialUpdate":false,"showSkybox":true,"showFlares":true,"showImageEffects":true,"showParticleSystems":true},"in2DMode":false,"pivot":{"x":1.4760706424713135,"y":1.3421045541763306,"z":3.740616798400879},"rotation":{"x":0.08567328751087189,"y":-0.0269023384898901,"z":0.0023140066768974067,"w":0.9959582090377808},"size":1.8441870212554932,"orthographic":true}