{"cameraMode":{"drawMode":0,"name":"Shaded","section":"Shading Mode"},"sceneLighting":false,"audioPlay":false,"sceneViewState":{"showFog":true,"showMaterialUpdate":false,"showSkybox":false,"showFlares":true,"showImageEffects":true,"showParticleSystems":true},"in2DMode":false,"pivot":{"x":0.53271484375,"y":3.22943115234375,"z":-1.04736328125},"rotation":{"x":0.0595831498503685,"y":-0.6912458539009094,"z":0.05737292766571045,"w":0.7178712487220764},"size":2.9254977703094484,"orthographic":true}