{"cameraMode":{"drawMode":0,"name":"Shaded","section":"Shading Mode"},"sceneLighting":false,"audioPlay":false,"sceneViewState":{"showFog":true,"showMaterialUpdate":false,"showSkybox":false,"showFlares":true,"showImageEffects":true,"showParticleSystems":true},"in2DMode":false,"pivot":{"x":0.03376877307891846,"y":0.29089924693107607,"z":-1.302859902381897},"rotation":{"x":0.08567328751087189,"y":-0.0269023384898901,"z":0.0023140066768974067,"w":0.9959582090377808},"size":3.942366600036621,"orthographic":true}