{"cameraMode":{"drawMode":0,"name":"Shaded","section":"Shading Mode"},"sceneLighting":true,"audioPlay":false,"sceneViewState":{"showFog":true,"showMaterialUpdate":false,"showSkybox":true,"showFlares":true,"showImageEffects":true,"showParticleSystems":true},"in2DMode":false,"pivot":{"x":581.3997802734375,"y":-62.640811920166019,"z":547.18603515625},"rotation":{"x":0.1694943904876709,"y":0.2724948525428772,"z":-0.04881816357374191,"w":0.9458619952201843},"size":162.6834259033203,"orthographic":false}