{"cameraMode":{"drawMode":0,"name":"Shaded","section":"Shading Mode"},"sceneLighting":false,"audioPlay":false,"sceneViewState":{"showFog":true,"showMaterialUpdate":false,"showSkybox":false,"showFlares":true,"showImageEffects":true,"showParticleSystems":true},"in2DMode":false,"pivot":{"x":0.00003695487976074219,"y":0.11729636788368225,"z":-0.7636346817016602},"rotation":{"x":-0.10495096445083618,"y":0.8884569406509399,"z":-0.2533740699291229,"w":-0.36801087856292727},"size":5.818232536315918,"orthographic":false}