{"cameraMode":{"drawMode":0,"name":"Shaded","section":"Shading Mode"},"sceneLighting":false,"audioPlay":false,"sceneViewState":{"showFog":true,"showMaterialUpdate":false,"showSkybox":false,"showFlares":true,"showImageEffects":true,"showParticleSystems":true},"in2DMode":false,"pivot":{"x":0.43956053256988528,"y":0.5227473974227905,"z":0.06841087341308594},"rotation":{"x":0.00658015301451087,"y":0.9329615235328674,"z":-0.3595125079154968,"w":0.017075994983315469},"size":2.8503565788269045,"orthographic":false}