{"cameraMode":{"drawMode":0,"name":"Shaded","section":"Shading Mode"},"sceneLighting":false,"audioPlay":false,"sceneViewState":{"showFog":true,"showMaterialUpdate":false,"showSkybox":false,"showFlares":true,"showImageEffects":true,"showParticleSystems":true},"in2DMode":false,"pivot":{"x":0.02026122808456421,"y":0.17453956604003907,"z":-0.7817158699035645},"rotation":{"x":0.08567328751087189,"y":-0.0269023384898901,"z":0.0023140066768974067,"w":0.9959582090377808},"size":4.960350036621094,"orthographic":true}