{"cameraMode":{"drawMode":0,"name":"Shaded","section":"Shading Mode"},"sceneLighting":false,"audioPlay":false,"sceneViewState":{"showFog":true,"showMaterialUpdate":false,"showSkybox":false,"showFlares":true,"showImageEffects":true,"showParticleSystems":true},"in2DMode":false,"pivot":{"x":0.007872045040130616,"y":1.8493505716323853,"z":-0.10987144708633423},"rotation":{"x":0.2890941798686981,"y":-0.31998762488365176,"z":0.10320793837308884,"w":0.8963216543197632},"size":2.861168384552002,"orthographic":true}