{"cameraMode":{"drawMode":0,"name":"Shaded","section":"Shading Mode"},"sceneLighting":false,"audioPlay":false,"sceneViewState":{"showFog":true,"showMaterialUpdate":false,"showSkybox":false,"showFlares":true,"showImageEffects":true,"showParticleSystems":true},"in2DMode":false,"pivot":{"x":146.44287109375,"y":444.6853942871094,"z":0.0},"rotation":{"x":0.0976143404841423,"y":0.028354711830615999,"z":-0.002782819326967001,"w":0.9948177933692932},"size":189.03396606445313,"orthographic":false}