{"cameraMode":{"drawMode":0,"name":"Shaded","section":"Shading Mode"},"sceneLighting":true,"audioPlay":false,"sceneViewState":{"showFog":true,"showMaterialUpdate":false,"showSkybox":true,"showFlares":true,"showImageEffects":true,"showParticleSystems":true},"in2DMode":false,"pivot":{"x":4.459237575531006,"y":0.37264734506607058,"z":1.53700590133667},"rotation":{"x":0.1694943904876709,"y":0.2724948525428772,"z":-0.04881816357374191,"w":0.9458619952201843},"size":2.7155799865722658,"orthographic":false}