{"cameraMode":{"drawMode":0,"name":"Shaded","section":"Shading Mode"},"sceneLighting":true,"audioPlay":false,"sceneViewState":{"showFog":true,"showMaterialUpdate":false,"showSkybox":true,"showFlares":true,"showImageEffects":true,"showParticleSystems":true},"in2DMode":false,"pivot":{"x":213.89627075195313,"y":224.5201873779297,"z":5.271484375},"rotation":{"x":0.1155468001961708,"y":0.010425074957311154,"z":-0.0012011956423521042,"w":0.9932568073272705},"size":222.6977996826172,"orthographic":false}