{"cameraMode":{"drawMode":0,"name":"Shaded","section":"Shading Mode"},"sceneLighting":false,"audioPlay":false,"sceneViewState":{"showFog":true,"showMaterialUpdate":false,"showSkybox":false,"showFlares":true,"showImageEffects":true,"showParticleSystems":true},"in2DMode":false,"pivot":{"x":-163.34771728515626,"y":1.7261390686035157,"z":2.875821113586426},"rotation":{"x":-0.016491325572133066,"y":0.8862900733947754,"z":-0.46176135540008547,"w":-0.0316527858376503},"size":10.682906150817871,"orthographic":false}