{"cameraMode":{"drawMode":0,"name":"Shaded","section":"Shading Mode"},"sceneLighting":false,"audioPlay":false,"sceneViewState":{"showFog":true,"showMaterialUpdate":false,"showSkybox":false,"showFlares":true,"showImageEffects":true,"showParticleSystems":true},"in2DMode":false,"pivot":{"x":0.9796061515808106,"y":0.5234212875366211,"z":-4.972951412200928},"rotation":{"x":-0.2906295955181122,"y":0.28341883420944216,"z":-0.090561643242836,"w":-0.9094405174255371},"size":2.8152871131896974,"orthographic":false}