{"cameraMode":{"drawMode":0,"name":"Shaded","section":"Shading Mode"},"sceneLighting":false,"audioPlay":false,"sceneViewState":{"showFog":true,"showMaterialUpdate":false,"showSkybox":false,"showFlares":true,"showImageEffects":true,"showParticleSystems":true},"in2DMode":false,"pivot":{"x":-0.0022864341735839845,"y":0.631248950958252,"z":-0.913529634475708},"rotation":{"x":0.09237127751111984,"y":0.9035891890525818,"z":-0.33734315633773806,"w":0.24745109677314759},"size":4.095592021942139,"orthographic":false}