{"cameraMode":{"drawMode":0,"name":"Shaded","section":"Shading Mode"},"sceneLighting":false,"audioPlay":false,"sceneViewState":{"showFog":true,"showMaterialUpdate":false,"showSkybox":false,"showFlares":true,"showImageEffects":true,"showParticleSystems":true},"in2DMode":false,"pivot":{"x":1.7213236093521119,"y":0.5031008720397949,"z":0.5993380546569824},"rotation":{"x":0.07081591337919235,"y":0.9219996929168701,"z":-0.3223235011100769,"w":0.20259764790534974},"size":4.036899089813232,"orthographic":false}