{"cameraMode":{"drawMode":0,"name":"Shaded","section":"Shading Mode"},"sceneLighting":false,"audioPlay":false,"sceneViewState":{"showFog":true,"showMaterialUpdate":false,"showSkybox":false,"showFlares":true,"showImageEffects":true,"showParticleSystems":true},"in2DMode":false,"pivot":{"x":0.0000015795230865478516,"y":2.120434284210205,"z":-0.29798007011413576},"rotation":{"x":0.07235673069953919,"y":-0.9196050763130188,"z":0.2020762413740158,"w":0.3292195200920105},"size":2.6122639179229738,"orthographic":false}