{"cameraMode":{"drawMode":0,"name":"Shaded","section":"Shading Mode"},"sceneLighting":false,"audioPlay":false,"sceneViewState":{"showFog":true,"showMaterialUpdate":false,"showSkybox":false,"showFlares":true,"showImageEffects":true,"showParticleSystems":true},"in2DMode":false,"pivot":{"x":-0.007160484790802002,"y":1.6581635475158692,"z":0.34534382820129397},"rotation":{"x":0.2415069043636322,"y":0.5709283947944641,"z":-0.18056371808052064,"w":0.7636297345161438},"size":3.174891233444214,"orthographic":false}