{"cameraMode":{"drawMode":0,"name":"Shaded","section":"Shading Mode"},"sceneLighting":false,"audioPlay":false,"sceneViewState":{"showFog":true,"showMaterialUpdate":false,"showSkybox":false,"showFlares":true,"showImageEffects":true,"showParticleSystems":true},"in2DMode":false,"pivot":{"x":-0.9889810085296631,"y":0.1378011852502823,"z":2.581454038619995},"rotation":{"x":0.041697364300489429,"y":0.9551762342453003,"z":-0.2431938797235489,"w":0.16376662254333497},"size":7.299578666687012,"orthographic":false}