{"cameraMode":{"drawMode":0,"name":"Shaded","section":"Shading Mode"},"sceneLighting":true,"audioPlay":false,"sceneViewState":{"showFog":true,"showMaterialUpdate":false,"showSkybox":true,"showFlares":true,"showImageEffects":true,"showParticleSystems":true},"in2DMode":false,"pivot":{"x":-4.914859294891357,"y":-38.50999450683594,"z":-41.66650390625},"rotation":{"x":-0.016725314781069757,"y":0.9427722096443176,"z":-0.32958394289016726,"w":-0.04783881455659866},"size":39.26054382324219,"orthographic":false}