{"cameraMode":{"drawMode":0,"name":"Shaded","section":"Shading Mode"},"sceneLighting":false,"audioPlay":false,"sceneViewState":{"showFog":true,"showMaterialUpdate":false,"showSkybox":false,"showFlares":true,"showImageEffects":true,"showParticleSystems":true},"in2DMode":false,"pivot":{"x":0.011312007904052735,"y":1.3533046245574952,"z":0.4196615219116211},"rotation":{"x":0.06195316091179848,"y":-0.8912257552146912,"z":0.12814418971538545,"w":0.43082502484321597},"size":2.5810859203338625,"orthographic":false}