{"cameraMode":{"drawMode":0,"name":"Shaded","section":"Shading Mode"},"sceneLighting":false,"audioPlay":false,"sceneViewState":{"showFog":true,"showMaterialUpdate":false,"showSkybox":false,"showFlares":true,"showImageEffects":true,"showParticleSystems":true},"in2DMode":false,"pivot":{"x":0.6575431823730469,"y":3.8172526359558107,"z":7.54149055480957},"rotation":{"x":0.10924190282821655,"y":0.8905124664306641,"z":-0.30085861682891848,"w":0.3233485221862793},"size":16.39815902709961,"orthographic":false}