{"cameraMode":{"drawMode":0,"name":"Shaded","section":"Shading Mode"},"sceneLighting":false,"audioPlay":false,"sceneViewState":{"showFog":true,"showMaterialUpdate":false,"showSkybox":false,"showFlares":true,"showImageEffects":true,"showParticleSystems":true},"in2DMode":false,"pivot":{"x":-4.76837158203125e-7,"y":1.1210509538650513,"z":0.6304960250854492},"rotation":{"x":0.07129565626382828,"y":0.9287035465240479,"z":-0.2558368742465973,"w":0.2588297128677368},"size":5.833956241607666,"orthographic":false}