{"cameraMode":{"drawMode":0,"name":"Shaded","section":"Shading Mode"},"sceneLighting":false,"audioPlay":false,"sceneViewState":{"showFog":true,"showMaterialUpdate":false,"showSkybox":false,"showFlares":true,"showImageEffects":true,"showParticleSystems":true},"in2DMode":false,"pivot":{"x":0.006523251533508301,"y":6.961519718170166,"z":1.6068315505981446},"rotation":{"x":0.06606890261173248,"y":-0.5799636244773865,"z":0.04724626615643501,"w":0.8106479644775391},"size":3.893216848373413,"orthographic":false}