{"cameraMode":{"drawMode":0,"name":"Shaded","section":"Shading Mode"},"sceneLighting":false,"audioPlay":false,"sceneViewState":{"showFog":true,"showMaterialUpdate":false,"showSkybox":false,"showFlares":true,"showImageEffects":true,"showParticleSystems":true},"in2DMode":false,"pivot":{"x":3.6255950927734377,"y":0.6288807988166809,"z":2.543854236602783},"rotation":{"x":0.07235673069953919,"y":-0.9196050763130188,"z":0.2020762413740158,"w":0.3292195200920105},"size":3.230027198791504,"orthographic":false}