{"cameraMode":{"drawMode":0,"name":"Shaded","section":"Shading Mode"},"sceneLighting":false,"audioPlay":false,"sceneViewState":{"showFog":true,"showMaterialUpdate":false,"showSkybox":false,"showFlares":true,"showImageEffects":true,"showParticleSystems":true},"in2DMode":false,"pivot":{"x":-0.00006639957427978516,"y":1.840209722518921,"z":0.011635065078735352},"rotation":{"x":0.09237127751111984,"y":0.9035891890525818,"z":-0.33734315633773806,"w":0.24745109677314759},"size":2.778435230255127,"orthographic":false}