{"cameraMode":{"drawMode":0,"name":"Shaded","section":"Shading Mode"},"sceneLighting":true,"audioPlay":false,"sceneViewState":{"showFog":true,"showMaterialUpdate":false,"showSkybox":true,"showFlares":true,"showImageEffects":true,"showParticleSystems":true},"in2DMode":false,"pivot":{"x":0.27080464363098147,"y":0.47347307205200198,"z":-0.6081442832946777},"rotation":{"x":0.0007014882867224515,"y":0.9207507967948914,"z":-0.3901653289794922,"w":0.0016580135561525822},"size":5.118157863616943,"orthographic":false}