{"cameraMode":{"drawMode":0,"name":"Shaded","section":"Shading Mode"},"sceneLighting":false,"audioPlay":false,"sceneViewState":{"showFog":true,"showMaterialUpdate":false,"showSkybox":false,"showFlares":true,"showImageEffects":true,"showParticleSystems":true},"in2DMode":false,"pivot":{"x":-2.384185791015625e-7,"y":-0.14113843441009522,"z":-1.2341465950012208},"rotation":{"x":0.1091097816824913,"y":0.8857019543647766,"z":-0.2641269564628601,"w":0.3659418821334839},"size":3.2210075855255129,"orthographic":false}