{"cameraMode":{"drawMode":0,"name":"Shaded","section":"Shading Mode"},"sceneLighting":false,"audioPlay":false,"sceneViewState":{"showFog":true,"showMaterialUpdate":false,"showSkybox":false,"showFlares":true,"showImageEffects":true,"showParticleSystems":true},"in2DMode":false,"pivot":{"x":-0.6198476552963257,"y":-0.3504596948623657,"z":-0.1361173391342163},"rotation":{"x":0.09679678827524185,"y":0.8991612195968628,"z":-0.3433978259563446,"w":0.253509521484375},"size":8.441333770751954,"orthographic":false}