{"cameraMode":{"drawMode":0,"name":"Shaded","section":"Shading Mode"},"sceneLighting":false,"audioPlay":false,"sceneViewState":{"showFog":true,"showMaterialUpdate":false,"showSkybox":false,"showFlares":true,"showImageEffects":true,"showParticleSystems":true},"in2DMode":false,"pivot":{"x":0.0041114091873168949,"y":1.3459010124206544,"z":0.363788366317749},"rotation":{"x":0.09237127751111984,"y":0.9035891890525818,"z":-0.33734315633773806,"w":0.24745109677314759},"size":3.1524851322174074,"orthographic":false}