{"cameraMode":{"drawMode":0,"name":"Shaded","section":"Shading Mode"},"sceneLighting":false,"audioPlay":false,"sceneViewState":{"showFog":true,"showMaterialUpdate":false,"showSkybox":false,"showFlares":true,"showImageEffects":true,"showParticleSystems":true},"in2DMode":false,"pivot":{"x":-48.29999923706055,"y":1.8766231536865235,"z":-4.196628570556641},"rotation":{"x":-0.18457995355129243,"y":0.7445098757743836,"z":-0.22933316230773927,"w":-0.5992270708084106},"size":17.118602752685548,"orthographic":false}