{"cameraMode":{"drawMode":0,"name":"Shaded","section":"Shading Mode"},"sceneLighting":false,"audioPlay":false,"sceneViewState":{"showFog":true,"showMaterialUpdate":false,"showSkybox":false,"showFlares":true,"showImageEffects":true,"showParticleSystems":true},"in2DMode":false,"pivot":{"x":8.883626937866211,"y":1.263906478881836,"z":0.9233012199401856},"rotation":{"x":0.16809575259685517,"y":-0.7750653028488159,"z":0.23112358152866364,"w":0.563670814037323},"size":4.697856426239014,"orthographic":false}