{"cameraMode":{"drawMode":0,"name":"Shaded","section":"Shading Mode"},"sceneLighting":false,"audioPlay":false,"sceneViewState":{"showFog":true,"showMaterialUpdate":false,"showSkybox":false,"showFlares":true,"showImageEffects":true,"showParticleSystems":true},"in2DMode":false,"pivot":{"x":4.359404563903809,"y":9.216394424438477,"z":10.883010864257813},"rotation":{"x":-0.07822665572166443,"y":0.921766459941864,"z":-0.27336955070495608,"w":-0.26375827193260195},"size":5.889660835266113,"orthographic":false}