{"cameraMode":{"drawMode":0,"name":"Shaded","section":"Shading Mode"},"sceneLighting":false,"audioPlay":false,"sceneViewState":{"showFog":true,"showMaterialUpdate":false,"showSkybox":false,"showFlares":true,"showImageEffects":true,"showParticleSystems":true},"in2DMode":false,"pivot":{"x":-0.0062670111656188969,"y":0.9663902521133423,"z":0.32629334926605227},"rotation":{"x":0.06195316091179848,"y":-0.8912257552146912,"z":0.12814418971538545,"w":0.43082502484321597},"size":2.1946189403533937,"orthographic":false}