{"cameraMode":{"drawMode":0,"name":"Shaded","section":"Shading Mode"},"sceneLighting":false,"audioPlay":false,"sceneViewState":{"showFog":true,"showMaterialUpdate":false,"showSkybox":false,"showFlares":true,"showImageEffects":true,"showParticleSystems":true},"in2DMode":false,"pivot":{"x":4.220445156097412,"y":3.822092056274414,"z":2.810854911804199},"rotation":{"x":-0.10487785935401917,"y":0.894890546798706,"z":-0.2948775589466095,"w":-0.3182651102542877},"size":2.8198132514953615,"orthographic":false}