{"cameraMode":{"drawMode":0,"name":"Shaded","section":"Shading Mode"},"sceneLighting":false,"audioPlay":false,"sceneViewState":{"showFog":true,"showMaterialUpdate":false,"showSkybox":false,"showFlares":true,"showImageEffects":true,"showParticleSystems":true},"in2DMode":false,"pivot":{"x":2.9025983810424806,"y":0.8722997307777405,"z":0.2582455575466156},"rotation":{"x":0.06285568326711655,"y":-0.9116942286491394,"z":0.15209200978279115,"w":0.3766583502292633},"size":2.3902981281280519,"orthographic":false}