{"cameraMode":{"drawMode":0,"name":"Shaded","section":"Shading Mode"},"sceneLighting":false,"audioPlay":false,"sceneViewState":{"showFog":true,"showMaterialUpdate":false,"showSkybox":false,"showFlares":true,"showImageEffects":true,"showParticleSystems":true},"in2DMode":false,"pivot":{"x":0.00506138801574707,"y":0.001122117042541504,"z":-0.46637725830078127},"rotation":{"x":-0.10487785935401917,"y":0.894890546798706,"z":-0.2948775589466095,"w":-0.3182651102542877},"size":3.4483048915863039,"orthographic":false}