{"cameraMode":{"drawMode":0,"name":"Shaded","section":"Shading Mode"},"sceneLighting":false,"audioPlay":false,"sceneViewState":{"showFog":true,"showMaterialUpdate":false,"showSkybox":false,"showFlares":true,"showImageEffects":true,"showParticleSystems":true},"in2DMode":false,"pivot":{"x":-3.5877280235290529,"y":-167.06124877929688,"z":43.700374603271487},"rotation":{"x":-0.6355459094047546,"y":0.013693166896700859,"z":-0.01123922411352396,"w":-0.7719142436981201},"size":122.97562408447266,"orthographic":false}