{"cameraMode":{"drawMode":0,"name":"Shaded","section":"Shading Mode"},"sceneLighting":false,"audioPlay":false,"sceneViewState":{"showFog":true,"showMaterialUpdate":false,"showSkybox":false,"showFlares":true,"showImageEffects":true,"showParticleSystems":true},"in2DMode":false,"pivot":{"x":3.3175370693206789,"y":-4.790942192077637,"z":1.095304012298584},"rotation":{"x":-0.4528157114982605,"y":0.5465914011001587,"z":-0.5156828165054321,"w":-0.4799564778804779},"size":6.708722114562988,"orthographic":false}