{"cameraMode":{"drawMode":0,"name":"Shaded","section":"Shading Mode"},"sceneLighting":false,"audioPlay":false,"sceneViewState":{"showFog":true,"showMaterialUpdate":false,"showSkybox":false,"showFlares":true,"showImageEffects":true,"showParticleSystems":true},"in2DMode":false,"pivot":{"x":0.00047791004180908203,"y":0.7318933010101318,"z":0.12758255004882813},"rotation":{"x":-0.04379421845078468,"y":-0.008394208736717701,"z":0.0003681486414279789,"w":-0.999005913734436},"size":2.8877577781677248,"orthographic":false}