{"cameraMode":{"drawMode":0,"name":"Shaded","section":"Shading Mode"},"sceneLighting":false,"audioPlay":false,"sceneViewState":{"showFog":true,"showMaterialUpdate":false,"showSkybox":false,"showFlares":true,"showImageEffects":true,"showParticleSystems":true},"in2DMode":false,"pivot":{"x":0.0026663541793823244,"y":0.3689272403717041,"z":0.12789595127105714},"rotation":{"x":-0.04379421845078468,"y":-0.008394208736717701,"z":0.0003681486414279789,"w":-0.999005913734436},"size":6.23666524887085,"orthographic":false}