{"cameraMode":{"drawMode":0,"name":"Shaded","section":"Shading Mode"},"sceneLighting":false,"audioPlay":false,"sceneViewState":{"showFog":true,"showMaterialUpdate":false,"showSkybox":false,"showFlares":true,"showImageEffects":true,"showParticleSystems":true},"in2DMode":false,"pivot":{"x":-4.76837158203125e-7,"y":1.1210546493530274,"z":0.630500078201294},"rotation":{"x":-0.09842005372047425,"y":0.6192201972007752,"z":-0.07863208651542664,"w":-0.7750473618507385},"size":5.025166988372803,"orthographic":false}