{"cameraMode":{"drawMode":0,"name":"Shaded","section":"Shading Mode"},"sceneLighting":false,"audioPlay":false,"sceneViewState":{"showFog":true,"showMaterialUpdate":false,"showSkybox":false,"showFlares":true,"showImageEffects":true,"showParticleSystems":true},"in2DMode":false,"pivot":{"x":1.402897834777832,"y":0.05854535102844238,"z":-6.293973445892334},"rotation":{"x":-0.08963671326637268,"y":0.854151725769043,"z":-0.1570271998643875,"w":-0.4875805377960205},"size":5.025166988372803,"orthographic":false}