{"cameraMode":{"drawMode":0,"name":"Shaded","section":"Shading Mode"},"sceneLighting":true,"audioPlay":false,"sceneViewState":{"showFog":true,"showMaterialUpdate":false,"showSkybox":true,"showFlares":true,"showImageEffects":true,"showParticleSystems":true},"in2DMode":false,"pivot":{"x":1.1307860612869263,"y":1.9416985511779786,"z":-3.4450769424438478},"rotation":{"x":0.002740707015618682,"y":-0.9534550905227661,"z":0.30154263973236086,"w":0.00856136716902256},"size":5.194987773895264,"orthographic":false}