{"cameraMode":{"drawMode":0,"name":"Shaded","section":"Shading Mode"},"sceneLighting":false,"audioPlay":false,"sceneViewState":{"showFog":true,"showMaterialUpdate":false,"showSkybox":false,"showFlares":true,"showImageEffects":true,"showParticleSystems":true},"in2DMode":false,"pivot":{"x":-0.10076736658811569,"y":5.184130668640137,"z":1.0332773923873902},"rotation":{"x":-0.21393074095249177,"y":-0.7255061864852905,"z":0.601015031337738,"w":-0.2583112120628357},"size":1.7563037872314454,"orthographic":false}