{"cameraMode":{"drawMode":0,"name":"Shaded","section":"Shading Mode"},"sceneLighting":true,"audioPlay":false,"sceneViewState":{"showFog":true,"showMaterialUpdate":false,"showSkybox":true,"showFlares":true,"showImageEffects":true,"showParticleSystems":true},"in2DMode":false,"pivot":{"x":-0.005336403846740723,"y":0.6993275284767151,"z":-0.3496816158294678},"rotation":{"x":-0.14475667476654054,"y":0.08569572865962982,"z":-0.012548948638141156,"w":-0.9857120513916016},"size":3.565272569656372,"orthographic":false}