{"cameraMode":{"drawMode":0,"name":"Shaded","section":"Shading Mode"},"sceneLighting":false,"audioPlay":false,"sceneViewState":{"showFog":true,"showMaterialUpdate":false,"showSkybox":false,"showFlares":true,"showImageEffects":true,"showParticleSystems":true},"in2DMode":false,"pivot":{"x":0.23142051696777345,"y":1.4587278366088868,"z":1.0133748054504395},"rotation":{"x":-0.21095797419548036,"y":0.689430832862854,"z":-0.22144146263599397,"w":-0.6566811203956604},"size":3.082206964492798,"orthographic":false}