{"cameraMode":{"drawMode":0,"name":"Shaded","section":"Shading Mode"},"sceneLighting":true,"audioPlay":false,"sceneViewState":{"showFog":true,"showMaterialUpdate":false,"showSkybox":true,"showFlares":true,"showImageEffects":true,"showParticleSystems":true},"in2DMode":false,"pivot":{"x":590.482666015625,"y":345.18218994140627,"z":12.847155570983887},"rotation":{"x":-0.06474216282367706,"y":0.02815425395965576,"z":-0.0017929887399077416,"w":-0.997544527053833},"size":508.074462890625,"orthographic":false}