{"cameraMode":{"drawMode":0,"name":"Shaded","section":"Shading Mode"},"sceneLighting":false,"audioPlay":false,"sceneViewState":{"showFog":true,"showMaterialUpdate":false,"showSkybox":false,"showFlares":true,"showImageEffects":true,"showParticleSystems":true},"in2DMode":false,"pivot":{"x":-1.5633769035339356,"y":0.9218959808349609,"z":1.4234458208084107},"rotation":{"x":-0.1442987620830536,"y":-0.8476216793060303,"z":0.29206612706184389,"w":-0.4189237356185913},"size":1.9256093502044678,"orthographic":false}