{"cameraMode":{"drawMode":0,"name":"Shaded","section":"Shading Mode"},"sceneLighting":false,"audioPlay":false,"sceneViewState":{"showFog":true,"showMaterialUpdate":false,"showSkybox":false,"showFlares":true,"showImageEffects":true,"showParticleSystems":true},"in2DMode":false,"pivot":{"x":4.172325134277344e-7,"y":0.5622504949569702,"z":0.3627891540527344},"rotation":{"x":0.35322561860084536,"y":0.2361767441034317,"z":-0.0926402360200882,"w":0.900505542755127},"size":1.9493811130523682,"orthographic":false}