{"cameraMode":{"drawMode":0,"name":"Shaded","section":"Shading Mode"},"sceneLighting":true,"audioPlay":false,"sceneViewState":{"showFog":true,"showMaterialUpdate":false,"showSkybox":true,"showFlares":true,"showImageEffects":true,"showParticleSystems":true},"in2DMode":false,"pivot":{"x":107.14328002929688,"y":455.9307861328125,"z":0.0},"rotation":{"x":-0.06474216282367706,"y":0.02815425395965576,"z":-0.0017929887399077416,"w":-0.997544527053833},"size":128.06248474121095,"orthographic":false}