{"cameraMode":{"drawMode":0,"name":"Shaded","section":"Shading Mode"},"sceneLighting":false,"audioPlay":false,"sceneViewState":{"showFog":true,"showMaterialUpdate":false,"showSkybox":false,"showFlares":true,"showImageEffects":true,"showParticleSystems":true},"in2DMode":false,"pivot":{"x":0.43956053256988528,"y":0.5227473974227905,"z":0.06841087341308594},"rotation":{"x":-0.09842005372047425,"y":0.6192201972007752,"z":-0.07863208651542664,"w":-0.7750473618507385},"size":2.8503565788269045,"orthographic":false}