{"cameraMode":{"drawMode":0,"name":"Shaded","section":"Shading Mode"},"sceneLighting":false,"audioPlay":false,"sceneViewState":{"showFog":true,"showMaterialUpdate":false,"showSkybox":false,"showFlares":true,"showImageEffects":true,"showParticleSystems":true},"in2DMode":false,"pivot":{"x":-6.48530387878418,"y":14.601593017578125,"z":-49.551116943359378},"rotation":{"x":-0.15928377211093903,"y":-0.24765199422836305,"z":0.04135443642735481,"w":-0.9548144936561585},"size":26.918821334838868,"orthographic":false}