{"cameraMode":{"drawMode":0,"name":"Shaded","section":"Shading Mode"},"sceneLighting":false,"audioPlay":false,"sceneViewState":{"showFog":true,"showMaterialUpdate":false,"showSkybox":false,"showFlares":true,"showImageEffects":true,"showParticleSystems":true},"in2DMode":false,"pivot":{"x":0.0,"y":0.6716982126235962,"z":0.11470258235931397},"rotation":{"x":-0.14475667476654054,"y":0.08569572865962982,"z":-0.012548948638141156,"w":-0.9857120513916016},"size":1.4726369380950928,"orthographic":false}