{"cameraMode":{"drawMode":0,"name":"Shaded","section":"Shading Mode"},"sceneLighting":true,"audioPlay":false,"sceneViewState":{"showFog":true,"showMaterialUpdate":false,"showSkybox":true,"showFlares":true,"showImageEffects":true,"showParticleSystems":true},"in2DMode":false,"pivot":{"x":-5.3078837394714359,"y":4.105761528015137,"z":-3.562574863433838},"rotation":{"x":-0.0009079525480046868,"y":-0.996349573135376,"z":-0.08508612215518952,"w":0.0116369454190135},"size":5.812475681304932,"orthographic":false}