{"cameraMode":{"drawMode":0,"name":"Shaded","section":"Shading Mode"},"sceneLighting":false,"audioPlay":false,"sceneViewState":{"showFog":true,"showMaterialUpdate":false,"showSkybox":false,"showFlares":true,"showImageEffects":true,"showParticleSystems":true},"in2DMode":false,"pivot":{"x":-0.03338000178337097,"y":0.5347452759742737,"z":-0.006774544715881348},"rotation":{"x":-0.04379421845078468,"y":-0.008394208736717701,"z":0.0003681486414279789,"w":-0.999005913734436},"size":2.0322465896606447,"orthographic":false}