{"cameraMode":{"drawMode":0,"name":"Shaded","section":"Shading Mode"},"sceneLighting":false,"audioPlay":false,"sceneViewState":{"showFog":true,"showMaterialUpdate":false,"showSkybox":false,"showFlares":true,"showImageEffects":true,"showParticleSystems":true},"in2DMode":false,"pivot":{"x":1.961913824081421,"y":-58.3643684387207,"z":18.72409439086914},"rotation":{"x":-0.5609183311462402,"y":-0.02629035897552967,"z":0.017855962738394738,"w":-0.8273118138313294},"size":37.08548355102539,"orthographic":false}