{"cameraMode":{"drawMode":0,"name":"Shaded","section":"Shading Mode"},"sceneLighting":false,"audioPlay":false,"sceneViewState":{"showFog":true,"showMaterialUpdate":false,"showSkybox":false,"showFlares":true,"showImageEffects":true,"showParticleSystems":true},"in2DMode":false,"pivot":{"x":-4.45534610748291,"y":2.7318999767303469,"z":0.3448500633239746},"rotation":{"x":-0.04379421845078468,"y":-0.008394208736717701,"z":0.0003681486414279789,"w":-0.999005913734436},"size":3.9338505268096926,"orthographic":false}