{"cameraMode":{"drawMode":0,"name":"Shaded","section":"Shading Mode"},"sceneLighting":false,"audioPlay":false,"sceneViewState":{"showFog":true,"showMaterialUpdate":false,"showSkybox":false,"showFlares":true,"showImageEffects":true,"showParticleSystems":true},"in2DMode":false,"pivot":{"x":3.9702987670898439,"y":-5.0282487869262699,"z":-1.5400867462158204},"rotation":{"x":-0.14187805354595185,"y":0.8548934459686279,"z":-0.3104240298271179,"w":-0.39072656631469729},"size":7.151216506958008,"orthographic":false}