{"cameraMode":{"drawMode":0,"name":"Shaded","section":"Shading Mode"},"sceneLighting":false,"audioPlay":false,"sceneViewState":{"showFog":true,"showMaterialUpdate":false,"showSkybox":false,"showFlares":true,"showImageEffects":true,"showParticleSystems":true},"in2DMode":false,"pivot":{"x":-8.344650268554688e-7,"y":2.9454450607299806,"z":1.6049249172210694},"rotation":{"x":-0.09151063114404679,"y":-0.9081431031227112,"z":0.2752772569656372,"w":-0.3019789457321167},"size":1.7425012588500977,"orthographic":false}