{"cameraMode":{"drawMode":0,"name":"Shaded","section":"Shading Mode"},"sceneLighting":false,"audioPlay":false,"sceneViewState":{"showFog":true,"showMaterialUpdate":false,"showSkybox":false,"showFlares":true,"showImageEffects":true,"showParticleSystems":true},"in2DMode":false,"pivot":{"x":0.3874812126159668,"y":0.9158873558044434,"z":0.3476957380771637},"rotation":{"x":-0.29757145047187807,"y":0.6501152515411377,"z":-0.3082965612411499,"w":-0.6275008916854858},"size":2.8503565788269045,"orthographic":false}