{"cameraMode":{"drawMode":0,"name":"Shaded","section":"Shading Mode"},"sceneLighting":false,"audioPlay":false,"sceneViewState":{"showFog":true,"showMaterialUpdate":false,"showSkybox":false,"showFlares":true,"showImageEffects":true,"showParticleSystems":true},"in2DMode":false,"pivot":{"x":-0.01104891300201416,"y":0.2968694567680359,"z":0.06042647361755371},"rotation":{"x":-0.04379421845078468,"y":-0.008394208736717701,"z":0.0003681486414279789,"w":-0.999005913734436},"size":5.433116912841797,"orthographic":false}