{"cameraMode":{"drawMode":0,"name":"Shaded","section":"Shading Mode"},"sceneLighting":false,"audioPlay":false,"sceneViewState":{"showFog":true,"showMaterialUpdate":false,"showSkybox":false,"showFlares":true,"showImageEffects":true,"showParticleSystems":true},"in2DMode":false,"pivot":{"x":-2.8048670291900636,"y":-175.19798278808595,"z":10.437342643737793},"rotation":{"x":-0.676371157169342,"y":0.0053325230255723,"z":-0.004860781133174896,"w":-0.7365832924842835},"size":122.97562408447266,"orthographic":false}