{"cameraMode":{"drawMode":0,"name":"Shaded","section":"Shading Mode"},"sceneLighting":true,"audioPlay":false,"sceneViewState":{"showFog":true,"showMaterialUpdate":false,"showSkybox":true,"showFlares":true,"showImageEffects":true,"showParticleSystems":true},"in2DMode":false,"pivot":{"x":-0.18910789489746095,"y":-0.9733352661132813,"z":-4.5689544677734379},"rotation":{"x":0.002688612090423703,"y":-0.9803537726402283,"z":0.19700254499912263,"w":0.01321856863796711},"size":13.956154823303223,"orthographic":false}