{"cameraMode":{"drawMode":0,"name":"Shaded","section":"Shading Mode"},"sceneLighting":false,"audioPlay":false,"sceneViewState":{"showFog":true,"showMaterialUpdate":false,"showSkybox":false,"showFlares":true,"showImageEffects":true,"showParticleSystems":true},"in2DMode":false,"pivot":{"x":-1.9994077682495118,"y":1.1998226642608643,"z":-0.7985403537750244},"rotation":{"x":-0.016928955912590028,"y":0.8087522387504578,"z":-0.023306189104914666,"w":-0.5874452590942383},"size":1.8961524963378907,"orthographic":false}