{"cameraMode":{"drawMode":0,"name":"Shaded","section":"Shading Mode"},"sceneLighting":true,"audioPlay":false,"sceneViewState":{"showFog":true,"showMaterialUpdate":false,"showSkybox":true,"showFlares":true,"showImageEffects":true,"showParticleSystems":true},"in2DMode":false,"pivot":{"x":820.3443603515625,"y":439.0797119140625,"z":73.6999740600586},"rotation":{"x":-0.12532618641853333,"y":-0.1807776838541031,"z":0.023265095427632333,"w":-0.975272536277771},"size":56.75027084350586,"orthographic":false}