{"cameraMode":{"drawMode":0,"name":"Shaded","section":"Shading Mode"},"sceneLighting":true,"audioPlay":false,"sceneViewState":{"showFog":true,"showMaterialUpdate":false,"showSkybox":true,"showFlares":true,"showImageEffects":true,"showParticleSystems":true},"in2DMode":false,"pivot":{"x":33.47469711303711,"y":-56.108795166015628,"z":-61.89607238769531},"rotation":{"x":-0.10670672357082367,"y":-0.8919389843940735,"z":0.2835724949836731,"w":-0.3357493579387665},"size":58.31642532348633,"orthographic":false}