{"cameraMode":{"drawMode":0,"name":"Shaded","section":"Shading Mode"},"sceneLighting":false,"audioPlay":false,"sceneViewState":{"showFog":true,"showMaterialUpdate":false,"showSkybox":false,"showFlares":true,"showImageEffects":true,"showParticleSystems":true},"in2DMode":false,"pivot":{"x":1.926608920097351,"y":1.3702164888381959,"z":-0.12901626527309419},"rotation":{"x":-0.20701085031032563,"y":-0.7925311923027039,"z":0.420516699552536,"w":-0.39022454619407656},"size":3.9615960121154787,"orthographic":false}