{"cameraMode":{"drawMode":0,"name":"Shaded","section":"Shading Mode"},"sceneLighting":true,"audioPlay":false,"sceneViewState":{"showFog":true,"showMaterialUpdate":false,"showSkybox":true,"showFlares":true,"showImageEffects":true,"showParticleSystems":true},"in2DMode":false,"pivot":{"x":416.6310119628906,"y":397.90771484375,"z":200.41259765625},"rotation":{"x":-0.1954408884048462,"y":-0.032633714377880099,"z":0.006529371254146099,"w":-0.9801941514015198},"size":444.9223937988281,"orthographic":false}