{"cameraMode":{"drawMode":0,"name":"Shaded","section":"Shading Mode"},"sceneLighting":false,"audioPlay":false,"sceneViewState":{"showFog":true,"showMaterialUpdate":false,"showSkybox":false,"showFlares":true,"showImageEffects":true,"showParticleSystems":true},"in2DMode":false,"pivot":{"x":0.15062692761421204,"y":0.45800089836120608,"z":0.21547798812389375},"rotation":{"x":-0.36170756816864016,"y":-0.6023397445678711,"z":0.6181604266166687,"w":-0.35258749127388},"size":2.2726950645446779,"orthographic":true}