{"cameraMode":{"drawMode":0,"name":"Shaded","section":"Shading Mode"},"sceneLighting":false,"audioPlay":false,"sceneViewState":{"showFog":true,"showMaterialUpdate":false,"showSkybox":false,"showFlares":true,"showImageEffects":true,"showParticleSystems":true},"in2DMode":false,"pivot":{"x":0.05078125,"y":1.2554975748062134,"z":2.0255379676818849},"rotation":{"x":0.08173056691884995,"y":0.9132842421531677,"z":-0.22785669565200807,"w":0.3275887370109558},"size":2.427294969558716,"orthographic":true}