{"cameraMode":{"drawMode":0,"name":"Shaded","section":"Shading Mode"},"sceneLighting":true,"audioPlay":false,"sceneViewState":{"showFog":true,"showMaterialUpdate":false,"showSkybox":true,"showFlares":true,"showImageEffects":true,"showParticleSystems":true},"in2DMode":false,"pivot":{"x":60.23698806762695,"y":-27.667396545410158,"z":-30.075782775878908},"rotation":{"x":-0.07855343818664551,"y":-0.8980918526649475,"z":0.17907088994979859,"w":-0.39396581053733828},"size":41.913665771484378,"orthographic":false}