{"cameraMode":{"drawMode":0,"name":"Shaded","section":"Shading Mode"},"sceneLighting":false,"audioPlay":false,"sceneViewState":{"showFog":true,"showMaterialUpdate":false,"showSkybox":false,"showFlares":true,"showImageEffects":true,"showParticleSystems":true},"in2DMode":false,"pivot":{"x":-0.0010687708854675294,"y":1.1627837419509888,"z":0.428131103515625},"rotation":{"x":-0.0914243832230568,"y":0.8202781081199646,"z":-0.13683533668518067,"w":-0.5478916168212891},"size":2.796766996383667,"orthographic":false}