{"cameraMode":{"drawMode":0,"name":"Shaded","section":"Shading Mode"},"sceneLighting":false,"audioPlay":false,"sceneViewState":{"showFog":true,"showMaterialUpdate":false,"showSkybox":false,"showFlares":true,"showImageEffects":true,"showParticleSystems":true},"in2DMode":false,"pivot":{"x":-0.007319211959838867,"y":1.6949291229248047,"z":0.3530008792877197},"rotation":{"x":0.09237127751111984,"y":0.9035891890525818,"z":-0.33734315633773806,"w":0.24745109677314759},"size":3.245285987854004,"orthographic":false}