{"cameraMode":{"drawMode":0,"name":"Shaded","section":"Shading Mode"},"sceneLighting":false,"audioPlay":false,"sceneViewState":{"showFog":true,"showMaterialUpdate":false,"showSkybox":false,"showFlares":true,"showImageEffects":true,"showParticleSystems":true},"in2DMode":false,"pivot":{"x":-0.019835472106933595,"y":0.5329514145851135,"z":0.10847979784011841},"rotation":{"x":0.09237127751111984,"y":0.9035891890525818,"z":-0.33734315633773806,"w":0.24745109677314759},"size":2.752309560775757,"orthographic":false}