{"cameraMode":{"drawMode":0,"name":"Shaded","section":"Shading Mode"},"sceneLighting":false,"audioPlay":false,"sceneViewState":{"showFog":true,"showMaterialUpdate":false,"showSkybox":false,"showFlares":true,"showImageEffects":true,"showParticleSystems":true},"in2DMode":false,"pivot":{"x":-0.00016045570373535156,"y":-0.16852372884750367,"z":0.01704573631286621},"rotation":{"x":0.01627359539270401,"y":0.9571704864501953,"z":-0.28387072682380679,"w":0.054905008524656299},"size":3.851391553878784,"orthographic":false}