{"cameraMode":{"drawMode":0,"name":"Shaded","section":"Shading Mode"},"sceneLighting":false,"audioPlay":false,"sceneViewState":{"showFog":true,"showMaterialUpdate":false,"showSkybox":false,"showFlares":true,"showImageEffects":true,"showParticleSystems":true},"in2DMode":false,"pivot":{"x":7.53309965133667,"y":1.0284292697906495,"z":-4.495420455932617},"rotation":{"x":-0.10448808968067169,"y":0.7083176970481873,"z":-0.10726860165596008,"w":-0.6898606419563294},"size":2.7412943840026857,"orthographic":false}