{"cameraMode":{"drawMode":0,"name":"Shaded","section":"Shading Mode"},"sceneLighting":false,"audioPlay":false,"sceneViewState":{"showFog":true,"showMaterialUpdate":false,"showSkybox":false,"showFlares":true,"showImageEffects":true,"showParticleSystems":true},"in2DMode":false,"pivot":{"x":-1.5062682628631592,"y":0.45770716667175295,"z":0.5493288040161133},"rotation":{"x":0.007725647650659084,"y":0.14646343886852265,"z":-0.0011430819286033512,"w":0.9891918897628784},"size":1.1915602684020997,"orthographic":false}