{"cameraMode":{"drawMode":0,"name":"Shaded","section":"Shading Mode"},"sceneLighting":false,"audioPlay":false,"sceneViewState":{"showFog":true,"showMaterialUpdate":false,"showSkybox":false,"showFlares":true,"showImageEffects":true,"showParticleSystems":true},"in2DMode":false,"pivot":{"x":0.0000010728836059570313,"y":1.0960898399353028,"z":0.45644229650497439},"rotation":{"x":-0.09151063114404679,"y":-0.9081431031227112,"z":0.2752772569656372,"w":-0.3019789457321167},"size":2.2763352394104006,"orthographic":false}