{"cameraMode":{"drawMode":0,"name":"Shaded","section":"Shading Mode"},"sceneLighting":true,"audioPlay":false,"sceneViewState":{"showFog":true,"showMaterialUpdate":false,"showSkybox":true,"showFlares":true,"showImageEffects":true,"showParticleSystems":true},"in2DMode":false,"pivot":{"x":132.12977600097657,"y":-36.948028564453128,"z":-31.659297943115236},"rotation":{"x":0.002031278796494007,"y":0.9060966968536377,"z":-0.4230460524559021,"w":0.004350130446255207},"size":41.825035095214847,"orthographic":false}