{"cameraMode":{"drawMode":0,"name":"Shaded","section":"Shading Mode"},"sceneLighting":true,"audioPlay":false,"sceneViewState":{"showFog":true,"showMaterialUpdate":false,"showSkybox":false,"showFlares":true,"showImageEffects":true,"showParticleSystems":true},"in2DMode":false,"pivot":{"x":-2.42999267578125,"y":37.53997802734375,"z":0.08001708984375},"rotation":{"x":0.0030005103908479215,"y":0.9230425953865051,"z":-0.3846210539340973,"w":0.007200772874057293},"size":1212.435546875,"orthographic":false}