{"cameraMode":{"drawMode":0,"name":"Shaded","section":"Shading Mode"},"sceneLighting":true,"audioPlay":false,"sceneViewState":{"showFog":true,"showMaterialUpdate":false,"showSkybox":false,"showFlares":true,"showImageEffects":true,"showParticleSystems":true},"in2DMode":false,"pivot":{"x":1.508777141571045,"y":5.72596549987793,"z":5.941597938537598},"rotation":{"x":0.0036975506227463485,"y":0.880509614944458,"z":-0.4739689826965332,"w":0.006868863012641668},"size":11.042503356933594,"orthographic":false}