{"cameraMode":{"drawMode":0,"name":"Shaded","section":"Shading Mode"},"sceneLighting":false,"audioPlay":true,"sceneViewState":{"showFog":true,"showMaterialUpdate":true,"showSkybox":false,"showFlares":true,"showImageEffects":true,"showParticleSystems":true},"in2DMode":false,"pivot":{"x":1.3033456802368165,"y":1.5108671188354493,"z":5.302233695983887},"rotation":{"x":-0.009278387762606144,"y":-0.908282995223999,"z":0.41777023673057558,"w":-0.020169924944639207},"size":19.48552131652832,"orthographic":false}