{"cameraMode":{"drawMode":0,"name":"Shaded","section":"Shading Mode"},"sceneLighting":true,"audioPlay":false,"sceneViewState":{"showFog":true,"showMaterialUpdate":false,"showSkybox":true,"showFlares":true,"showImageEffects":true,"showParticleSystems":true},"in2DMode":false,"pivot":{"x":0.16672706604003907,"y":-9.139552116394043,"z":0.38419532775878909},"rotation":{"x":-0.010082623921334744,"y":0.9497397541999817,"z":-0.3113747835159302,"w":-0.030769094824790956},"size":39.73073196411133,"orthographic":false}