{"cameraMode":{"drawMode":0,"name":"Shaded","section":"Shading Mode"},"sceneLighting":true,"audioPlay":true,"sceneViewState":{"showFog":true,"showMaterialUpdate":true,"showSkybox":true,"showFlares":true,"showImageEffects":true,"showParticleSystems":true},"in2DMode":false,"pivot":{"x":-65.0463638305664,"y":-60.40283203125,"z":-77.6065673828125},"rotation":{"x":-0.004021370783448219,"y":-0.9240609407424927,"z":0.382112979888916,"w":-0.009719042107462883},"size":79.81321716308594,"orthographic":false}